<?xml version="1.0" encoding="UTF-8"?>
<!DOCTYPE mapper PUBLIC "-//mybatis.org//DTD Mapper 3.0//EN" "http://mybatis.org/dtd/mybatis-3-mapper.dtd">

<mapper namespace="com.myspring.comment.dao.CommentDAO">
    <select id="selectAllCommentList" resultType="com.myspring.comment.model.CommentModel">
        SELECT * FROM tb_comment;
    </select>

    <select id="selectComment" resultType="com.myspring.comment.model.CommentModel">
        SELECT * FROM tb_comment WHERE no = #{no};
    </select>

    <insert id="insertComment" parameterType="com.myspring.comment.model.CommentModel" useGeneratedKeys="true" keyProperty="no">
        INSERT INTO tb_comment (author, comment, date)
        VALUES(#{author}, #{comment}, now());
    </insert>

    <update id="updateComment" parameterType="com.myspring.comment.model.CommentModel">
        UPDATE tb_comment
        SET comment = #{comment}
        WHERE no = #{no}
    </update>

    <delete id="deleteComment" parameterType="int">
        DELETE FROM tb_comment WHERE no = #{no}
    </delete>
</mapper>
